{
    "132.227.123.30": 3.06907086994812,
    "185.155.93.186": 417.8724334836091,
    "139.124.244.54": 327.7218490088749
}