{
    "132.227.123.30": 3.069070869948145,
    "185.155.93.186": 395.4785249164814,
    "139.124.244.54": 274.4680917648862
}