{
    "132.227.123.30": [
        [
            1252,
            13.164291
        ],
        [
            1496,
            21.586948
        ],
        [
            197,
            15.826947
        ],
        [
            396,
            14.73946
        ],
        [
            43,
            8.125441
        ],
        [
            45,
            9.145346
        ],
        [
            453,
            3.834624
        ],
        [
            518,
            14.049026
        ],
        [
            599,
            16.445955
        ],
        [
            898,
            13.501443
        ],
        [
            904,
            9.24365
        ],
        [
            952,
            5.220098
        ],
        [
            986,
            15.302403
        ],
        [
            1226,
            8.788994
        ],
        [
            1268,
            2.983681
        ],
        [
            507,
            16.984323
        ],
        [
            785,
            8.297474
        ],
        [
            790,
            9.61997
        ],
        [
            859,
            17.660932
        ]
    ],
    "185.155.93.186": [
        [
            1252,
            24.275717
        ],
        [
            1496,
            19.232259
        ],
        [
            197,
            22.316549
        ],
        [
            396,
            16.723972
        ],
        [
            43,
            11.197442
        ],
        [
            45,
            15.909124
        ],
        [
            453,
            15.780867
        ],
        [
            518,
            18.405123
        ],
        [
            599,
            20.140036
        ],
        [
            898,
            17.571843
        ],
        [
            904,
            19.825924
        ],
        [
            952,
            12.807171
        ],
        [
            986,
            22.119941
        ],
        [
            1226,
            15.571972
        ],
        [
            1268,
            10.333442
        ],
        [
            507,
            25.252613
        ],
        [
            785,
            14.809347
        ],
        [
            790,
            15.926788
        ],
        [
            859,
            24.393221
        ]
    ],
    "139.124.244.54": [
        [
            1252,
            26.704134
        ],
        [
            1496,
            20.94874
        ],
        [
            197,
            24.878597
        ],
        [
            396,
            17.574148
        ],
        [
            43,
            12.740354
        ],
        [
            45,
            17.948164
        ],
        [
            453,
            13.178883
        ],
        [
            518,
            23.125252
        ],
        [
            599,
            21.318916
        ],
        [
            898,
            19.570948
        ],
        [
            904,
            17.114884
        ],
        [
            952,
            18.471171
        ],
        [
            986,
            26.555909
        ],
        [
            1226,
            18.397444
        ],
        [
            1268,
            16.035844
        ],
        [
            507,
            30.835207
        ],
        [
            785,
            17.511172
        ],
        [
            790,
            22.891012
        ],
        [
            859,
            31.107078
        ]
    ]
}